-- phpMyAdmin SQL Dump
-- version 5.2.0
-- https://www.phpmyadmin.net/
--
-- Host: localhost:3306
-- Generation Time: Aug 17, 2023 at 11:22 AM
-- Server version: 10.4.25-MariaDB
-- PHP Version: 7.4.30

SET SQL_MODE = "NO_AUTO_VALUE_ON_ZERO";
START TRANSACTION;
SET time_zone = "+00:00";


/*!40101 SET @OLD_CHARACTER_SET_CLIENT=@@CHARACTER_SET_CLIENT */;
/*!40101 SET @OLD_CHARACTER_SET_RESULTS=@@CHARACTER_SET_RESULTS */;
/*!40101 SET @OLD_COLLATION_CONNECTION=@@COLLATION_CONNECTION */;
/*!40101 SET NAMES utf8mb4 */;

--
-- Database: `asm_nodejs`
--

-- --------------------------------------------------------

--
-- Table structure for table `loai`
--

CREATE TABLE `loai` (
  `id` int(11) NOT NULL,
  `tenLoai` varchar(200) NOT NULL,
  `thuTu` int(11) NOT NULL,
  `anHien` tinyint(1) NOT NULL
) ENGINE=InnoDB DEFAULT CHARSET=utf8mb4;

--
-- Dumping data for table `loai`
--

INSERT INTO `loai` (`id`, `tenLoai`, `thuTu`, `anHien`) VALUES
(1, 'Văn Học', 1, 1),
(2, 'Kinh Tế', 2, 0),
(3, 'Tâm Lý - Kĩ Năng Sống', 3, 1),
(4, 'Nuôi Dạy Con', 4, 1),
(5, 'Sách Thiếu Nhi', 5, 1),
(6, 'Tiểu Sử - Hồi Ký', 6, 1),
(7, 'Sách Giáo Khoa - tham Khảo', 7, 1),
(8, 'Sách Học Ngoại Ngữ', 8, 1);

-- --------------------------------------------------------

--
-- Table structure for table `sach`
--

CREATE TABLE `sach` (
  `idSach` int(11) NOT NULL,
  `tenSach` varchar(200) NOT NULL,
  `moTa` varchar(2000) NOT NULL,
  `urlHinh` varchar(500) NOT NULL,
  `capNhat` timestamp NOT NULL DEFAULT current_timestamp() ON UPDATE current_timestamp(),
  `gia` double NOT NULL,
  `idLoai` int(11) NOT NULL,
  `anHien` tinyint(4) NOT NULL,
  `solanxem` int(11) NOT NULL,
  `giagoc` double NOT NULL,
  `spmoi` tinyint(1) NOT NULL,
  `spxemnhieu` tinyint(1) NOT NULL,
  `sphot` tinyint(1) NOT NULL
) ENGINE=InnoDB DEFAULT CHARSET=utf8mb4;

--
-- Dumping data for table `sach`
--

INSERT INTO `sach` (`idSach`, `tenSach`, `moTa`, `urlHinh`, `capNhat`, `gia`, `idLoai`, `anHien`, `solanxem`, `giagoc`, `spmoi`, `spxemnhieu`, `sphot`) VALUES
(1, 'Những miền lưu dấu cảnh việt trong văn chương', 'Nhờ có văn chương, chúng ta có khả năng đặt chân đến những nơi chốn mình chưa từng được tới. Chúng ta thấy mình ngồi trên tảng đá rêu, dưới bóng râm Côn Sơn khi ngâm ngợi vần thơ Nguyễn Trãi, chúng ta trầm trồ trước vẻ đẹp của miền đất Tây Tiến nhờ những câu thơ của Quang Dũng, chúng ta ghi nhớ dáng hình của sông Đà qua ngòi bút Nguyễn Tuân, dẫu cho chưa một lần đặt chân tới những miền đất ấy. Hình hài, mùi vị và câu chuyện về những vùng đất trên khắp Việt Nam dù gần gụi hay xa xôi, đã thuộc lòng hay chưa rõ, đều trở nên gắn bó, quen thân bởi những câu thơ, áng văn như thế.\n<br>\nCái đẹp của văn chương là sự khắc họa những vùng đất không chỉ qua một bức ảnh chụp hay một thước phim mà còn mang cách nhìn, tình cảm, sự tưởng tượng và sáng tạo trong việc ngắm nhìn và ghi lại cảnh đẹp. Vì thế, các tác phẩm văn học nói riêng và nghệ thuật nói chung luôn đưa chúng ta đi xa hơn những gì mình thấy hằng ngày. Hội họa cũng có thể nối gót những áng văn để tiếp tục hành trình đó, cho người đọc cách nhìn và cảm nhận khác hơn, giàu có hơn về những miền đất trên quê hương mình.\n<br>\nCuốn sách này được nhóm biên soạn thực hiện với niềm mong tái hiện hành trình dài rộng ấy. Đó là hành trình mà cảnh sắc Việt đã bước vào văn chương để rồi tiếp tục trở lại trước mắt ta với những bức tranh. Trong hành trình lưu giữ và ghi lại ấy là sự tiếp nối của quan sát, hình dung, của tài năng sáng tạo và lòng yêu mến. Cuốn sách này nói với người đọc, người xem rằng mỗi địa danh luôn có nhiều hơn một đời sống cho chúng ta ngắm nhìn, khám phá và cũng có thật nhiều cách để những miền đất ta yêu mến được lưu giữ và nhớ về.', 'images/nhung-mien-luu-dau-canh-viet-trong-van-chuong.jpg', '2023-04-07 11:51:54', 205000, 1, 1, 0, 215000, 1, 0, 0),
(2, 'Việt Nam của tôi những câu chuyện nhận con nuôi', 'Ngày 23 tháng Mười một năm 1992, lần đầu tiên tôi đặt chân đến Việt Nam, tại thành phố Hồ Chí Minh, trước đây được biết đến với cái tên Sài Gòn. Tôi vừa mới nhận nuôi một đứa trẻ, tôi không biết gì về bé và hơn hết tôi không biết rằng tôi cũng sẽ được “nhận nuôi” ngay tại đất nước này...\n<br><br>\nKể từ đó, tôi đã trở lại nơi đây thường xuyên, lúc thì một mình hoặc với con trai tôi, lúc thì với các nhóm hoặc bạn bè. Tôi đã ngừng đểm từ chuyến đi thứ ba mươi. Tôi nghỉ hưu từ năm 2013 và hiện có thể ở Việt Nam lâu hơn, đôi khi hai lần mỗi năm. Tôi sống trong một gia đình người Việt Nam và cũng sống cùng những đứa trẻ trong cô nhi viện, nơi con trai tôi đã ở vào thời điểm con được nhận làm con nuôi.\n<br><br>\nTôi mong muốn và có nhu cầu chia sẻ những kỷ niệm, những cuộc gặp gỡ và kinh nghiệm sống của mình với trẻ em khuyết tật, với nhân viên trại trẻ mồ côi, cũng như với gia đình này, nơi mà tất cả các thành viên giờ đây chào đón tôi như người thân của họ. Tôi hy vọng, theo cách riêng của họ cùng với sự hào phóng và giản dị, bây giờ đến lượt tôi, tôi mời các bạn bước vào Việt Nam của tôi.\n<br><br>\nCựu thư ký y tế Claude Coudert là một người tận tâm, ham học hỏi và nhiệt tình. Là chủ tịch một hiệp hội giúp đỡ những trẻ em kém may mắn ở miền Nam Việt Nam trong vòng mười hai năm, hiện bà theo đuổi hành trình một mình trên đất nước đã phần nào trở nên thân thiết và là nơi bà luôn mang nụ cười và sự giúp đỡ của mình cho những trẻ em dễ bị bỏ rơi nhất. Gia đình ở Việt Nam, những người đã đón tiếp và dành tình cảm cho bà trong nhiều năm qua, nơi mà bà đến ở hai lần mỗi năm, đã khẳng định rằng bà cũng đã được “nhận làm con nuôi” bằng cách long trọng tuyên bố: “Đối với chúng tôi, chị là người Việt Nam và chị là thành viên của gia đình chúng tôi!”\nhúng tôi!”', 'images/viet-nam-cua-toi-nhung-cau-chuyen-nhan-con-nuoi.jpg', '2023-04-07 11:08:24', 104000, 1, 1, 0, 0, 0, 0, 1),
(3, 'Lãng mạn giải mã thơ tình -  Soloman', '“Vua Solomon là một nhà thơ, bậc hiền triết và nhà tiên tri trong thời cổ đại Do Thái. Ông được mệnh danh là vị vua anh minh, tài đức nhất trong lịch sử nhân loại. Solomon nói ra 3.000 câu châm ngôn. Đức Chúa Trời từng tuyên bố rằng, trước và sau chẳng ai trong thiên hạ có thể sánh bằng Solomon. Không phải ngẫu nhiên mà thơ tình Nhã Ca được trân trọng đặt ngay tâm điểm của Kinh Thánh, quyển sách nổi tiếng nhất thế giới từ cổ chí kim. Người xưa biết, dù 65 tập sách khác trong Kinh Thánh hùng hồn đến mấy, nhưng nếu vắng bóng Nhã Ca, thì cả quyển kinh điển chỉ là kinh cầu, một sa mạc vô sinh, vô vọng. Chính thơ tình Nhã Ca là nhịp sống, là cái hồn, cái túy, và là trái tim của cả Kinh Thánh. Nhã Ca đã nâng kinh điển cổ xưa lên cung bậc thánh. 117 câu thơ trong thơ tình Nhã Ca chuyển tải sinh lực sống đến tất cả cấu trúc tinh vi của hàng tỉ ý tưởng nhiệm mầu trong cả Kinh Thánh. Chúng ta không thể hiểu sâu sắc lời lẽ Kinh Thánh nếu chưa hiểu, chưa sống và chưa yêu như đôi trai gái trong thơ tình Nhã Ca…\n<br><br>\nNhã Ca thổ lộ tình yêu và định ý tốt đẹp Tạo Hóa dành cho loài người và muôn loài vạn vật khắp nơi trên hoàn vũ, rằng tình yêu là sự sống, và sự sống là tình yêu. Muôn hoa đua nở trên khắp đồng nguyên, vẻ đẹp huyền nhiệm tiếp diễn qua khung cảnh bốn mùa, đến đôi môi thẹn thùng cười trong lần gặp gỡ đầu của đôi nam nữ, tất cả nói lên một sự thật bất biến, rằng Thiên Chúa là tình yêu thương, rằng chúng ta chính là hiện thân của tình yêu hoàn mỹ được Ngài tạo dựng.\nCuốn tiểu luận phê bình của Mục sư Ngô Duy Cường phân tích những câu thơ tình Nhã Ca của Vua Solomon với góc nhìn tinh tế đầy cảm xúc. “Nhã Ca là tập thơ tình vô cùng lãng mạn của vua Solomon. Từ trước tới nay em chưa bao giờ được ai giải nghĩa ý vị ngọt ngào của tình yêu như anh giải thích trong tập thơ này. Vua Solomon đã sống, trải nghiệm, thấu hiểu và cảm biết sự khát khao yêu và được yêu của người nữ. Từng câu, từng chữ của Người được anh giải thích thật tuyệt vời. Thật vậy, nếu không có tình yêu ', 'images/lang-man-giai-ma-tho-tinh-soloman.jpg', '2023-08-05 16:22:24', 134100, 1, 1, 0, 150000, 0, 1, 0),
(4, 'Đời sống vỉa hè Sài Gòn', 'ĐỜI SỐNG VỈA HÈ SÀI GÒN có sức mạnh về mặt trực quan, giải thích về mặt xã hội và khai lộ về mặt chính trị. Giáo sư Kim có đóng góp đặc biệt phong phú cho lĩnh vực nhân học đô thị bằng các phân tích chặt chẽ và đa tầng về một môi trường không gian xã hội dường như quá bình dị – vỉa hè của thành phố Hồ Chí Minh. Cũng vậy, giáo sư Kim mang thêm các soi rọi sáng tạo đến những người yêu thích nhiếp ảnh, nghệ thuật đa phương tiện và bản đồ học, và cả những ai quan tâm đến phát triển kinh tế, quyền sở hữu, quy hoạch đô thị, chính sách công và phương pháp dân tộc ký.', 'images/doi-song-via-he-sai-gon.jpg', '2023-04-07 11:11:03', 135000, 1, 1, 0, 0, 1, 0, 0),
(5, 'Bản tình ca khúc khuỷu', 'Nhà văn, nhà báo Nguyễn Hồng Lam thường được biết với cái tên “Người của giang hồ” – theo tên một tác phẩm nổi tiếng của tác giả, và cũng vì đề tài anh theo đuổi nhiều nhất trong mỗi bài viết là chuyện của giang hồ. Các bài viết của tác giả gai góc, làm bật lên thân phận con người, khiến người đọc không khỏi xúc động. Nhà báo Nguyễn Hồng Lam hiểu nhân vật của mình; anh dành thời gian dài trò chuyện, tiếp xúc để có một cái nhìn xác thực nhất và cho ra câu chuyện trung thực nhất. Tuy vậy, tính tới năm 2021, tác giả Nguyễn Hồng Lam mới chỉ cho ra mắt 6 cuốn sách bởi, như tác giả tự nhận xét, “thận trọng ưu tư, đắn đo, cầu toàn”. Và đó mà lý do sau gần 20 năm “Vụ án Đồi Hoa Mai” (2005) ra mắt, tác giả Nguyễn Hồng Lam mới cho ra đời “Bản tình ca khúc khuỷu”.\r\n<br><br>\r\n“Bản tình ca khúc khuỷu” là tập hợp 16 truyện ký về “những con người thật, những sự việc đã xảy ra, những cuộc đời cụ thể đã bị số phận khắc dấu”. Đó là cuộc đời hai người phụ nữ Võ Thị Gặp và Lữ Thị Toán đã gồng gánh một mình chăm sóc gia đình, sau khi chồng đi bộ đội, để rồi khi chiến tranh kết thúc, chồng trở về, hai bà nhận ra mình không thể có thai, và quyết định cho chồng lấy vợ khác để “góp hai cuộc đời lại cho một cuộc đời” (Hai bà mẹ xóm Cồn). Đó là tình yêu son sắt, chung thủy của cô giáo trẻ Ngọc Điệp đối với người yêu chịu án tù chung thân, nhưng khi sự thật được phơi bày thì “Cuộc đời cô, tình yêu của cô, gió bụi cuộc đời đã rứt đi, tan tác biết mấy thu rồi…!” (Bản tình ca khúc khuỷu). Đó là nỗi khao khát được làm mẹ, được có một gia đình của chị Mâu, vì vậy chị nhận nuôi bé Xuyến, rổ rá cạp lại với một người đàn ông, nhưng ước mơ giản dị đó lại dễ dàng vụn tan ra bởi đói nghèo đeo bám; và bé Xuyến lớn lên trong tình thương của mẹ nuôi, nhưng tình thương ấy lại không đủ sức dạy dỗ bé trưởng thành đúng nghĩa, “Đời nó rồi cũng không khá gì hơn bố mẹ đẻ của nó đâu” (Những đứa trẻ không có mùa thu). Và nhiều mảng đời khác nữa, tang thương có, bi kịch có, nhưng ẩn sâu bên trong là nghị lực sống, là', 'images/ban-tinh-ca-khuc-khuyu.jpg', '2023-04-07 11:11:03', 71400, 1, 1, 0, 0, 0, 1, 0),
(6, 'Văn Học Nhật Bản - vẻ đẹp mong manh và bất tận', 'Từ rất xa xưa, từ khởi nguyên của văn chương với waka và thần thoại, người Nhật Bản đã ký thác vào nghệ thuật ngôn từ tư tưởng về cái vẻ đẹp và bản chất vô thường của thế giới. Cho nên văn chương Nhật Bản từ khởi thủy đã nói lên vấn đề cốt lõi về thân phận con người, đã có tính hiện thực ở tầm vóc nhân loại và đặc biệt là có giá trị thẩm mỹ cao. Bên cạnh đó, vì cái đẹp trong văn chương Nhật Bản gắn với sự vô thường của thế giới, sự mong manh của kiếp người nên thường phảng phất nét buồn và tâm thái trầm tư. Đó là một đặc trưng quan trọng tồn tại xuyên suốt tiến trình lâu dài của lịch sử văn học Nhật Bản. Đặc trưng này biểu hiện ở nhiều sắc độ khác nhau trong nhiều giai đoạn, nhiều loại hình văn chương từ waka truyền thống, truyện Genji đến những sáng tác của nhiều nhà văn hiện đại và đương đại.', 'images/van-hoc-nhat-ban-ve-dep-mong-manh-va-bat-tan.jpg', '2023-04-07 11:11:03', 128000, 1, 1, 0, 150500, 0, 0, 1),
(7, 'Trẩy hội non sông', 'Phải mất hàng triệu năm, với rất nhiều biến cải, thiên nhiên mới tạo tác nên vóc dáng, hình hài đất nước. Cùng với đó, con người cũng trải mấy ngàn năm để xây dựng, bảo vệ cương vị quốc gia, khẳng định bản lĩnh dân tộc Việt Nam. Thời gian đắm đuối, không gian vời vợi, bằng công sức, trí tuệ, máu xương của từng người từng ngày đã tạo nên giang sơn cẩm túc, nhọc nhắn mà lộng lẫy, nhân hậu và kiên cường. Ra Trường Sa, lên Trường Sơn, vào Nam ra Bắc… để mỗi chung ta trải nghiệm, cảm nhận sâu sắc hơn những giá trị thiêng liêng của Tổ quốc, đát và người. Thêm yêu rồi thêm thương!', 'images/tray-hoi-non-song.jpg', '2023-04-07 11:11:03', 57000, 1, 1, 0, 0, 1, 0, 0),
(8, 'Tuổi thanh xuân còn mãi hồi ức', 'Thế kỷ 21 vừa bước vào tuổi 20. Theo so sánh “cơ học” thì tuổi các lưu học sinh 80-81 gấp đôi tuổi thế kỷ. 40 năm đã trôi qua. Nhiều câu chuyện đã bị rơi rụng theo thời gian, chỉ có những gì tươi rói và sâu sắc nhất mới còn đọng lại trong cuốn hồi ức tập thể này.\r\n<br><br>\r\nTôi rất vinh dự được các bạn đồng học trao nhiệm vụ biên soạn cuốn hồi ức của chúng ta. Đọc những dòng ký ức của các bạn, tôi đã được sống lại ký ức của chính mình và của một thời rất xa. Thời gian học dự bị ngoại ngữ trong nước của chúng ta không dài, lại ở những địa điểm khác nhau, sau đó mỗi người như những cánh chim tản mát bay tới nhiều phương trời xa lạ. Có thể nói, chúng ta giống nhau và cũng rất khác nhau. Chúng ta chưa biết về nhau tường tận cho đến khi những dòng status xuất hiện trong Nhóm kín TÌM VỀ TUỔI THANH XUÂN trên mạng xã hội facebook. Từ ý tưởng ban đầu mong muốn có một cuốn sách riêng của Lưu học sinh 80-81, hôm nay điều đó đã thành hiện thực. Đây, hồi ức TUỔI THANH XUÂN CÒN MÃI.\r\n', 'images/tuoi-thanh-xuan-con-mai-hoi-uc.jpg', '2023-04-07 11:11:03', 140000, 1, 1, 0, 0, 0, 1, 0),
(9, 'Dạy Con Làm Giàu 06 - Những Câu Chuyện Thành Công (Tái Bản 2022)', '“Nếu bạn đã từng cảm thấy thất vọng vì việc làm công lãnh lương hay làm tư không cho bạn sự an toàn tài chính mà bạn khao khát , còn có cách thay thế. Nếu những đầu tư của bạn thất bại, bạn mệt mỏi vì những lời khuyên tài chính cũ xì, bạn lo lắng về việc nghỉ hưu, hay bạn chỉ dành nhiều thời gian hơn cho gia đình, bạn có thể tìm thấy con đường đến sự tự do về tài chính trong quyển sách này. Quyển sách gồm các câu chuyện thành công của những người đã đón nhận lời khuyên của người bố giàu và sau đó tìm thấy con đường đi đến sự thành công về tài chính của riêng mình. Và bạn cũng có thể tạo ra những câu chuyện thành công từ tập sách này”.', 'images/day-con-lam-giau-06-nhung-cau-chuyen-thanhcong(tai-ban-2022).jpg', '2023-04-07 11:11:03', 97000, 2, 1, 0, 0, 0, 0, 1),
(10, 'Bóc Phốt Tài Chính', '<b>Giới thiệu tác giả</b>\n<br>\nTác giả Nguyễn Trọng Nhân sinh ra ở Vũng Tàu, học ở Úc. Là một người tự nhận là viết vì rảnh, rảnh tới độ chủ đề nào cũng tham gia. Muốn chinh phục thế giới nhưng chưa nghĩ ra và không thể.<br>\nTác giả bắt đầu với những bài viết trên Facebook. Mục đích ban đầu là để thỏa mãn bản thân chứ không mong muốn gì. Qua những bài viết chia sẻ kiến thức, kinh nghiệm của bản thân về tài chinh, chứng khoán tác giả muốn muốn lan tỏa đến nhiều người hơn, vậy là ý tưởng cho chủ đề “Bóc Phốt Tài Chính” ra đời.\n<br><br>\n<b>Giới thiệu nội dung sách</b>\n<br>\nĐây không phải cuốn sách dạy bạn lướt sóng chứng khoán, đây là cuốn sách giúp bạn nhìn rõ những góc tối, góc khuất của chứng khoán<br>\nĐây cũng không phải cuốn sách về tài chính đơn thuần, đây là cuốn sách giúp bạn giữ vững tâm thế giữa thời buổi tràn lan những nỗi bất an về tiền bạc.\n<Br><br>\n<b>Tiền</b>\n<br>\n- Nên để tiền vào đâu, phân chia tài sản thế nào?<br>\n- Đầu tư dài hạn, nói dễ làm khó, vì sao?<br>\n- Chứng khoán Việt Nam có an toàn hay thua Mỹ?\n<br>\nHay đến những vấn đề cực “đời”\n<br>\n- Lương thấp không bao giờ nuôi được đam mê\n<br>\n- Thế hệ trẻ bỏ việc văn phòng để chạy Grab, thực tế hay hiểu sai?\n<br>\n- Con gái yêu vì tiền là thực dụng hay lẽ thường?', 'images/boc-phot-tai-chinh.jpg', '2023-04-07 11:11:03', 160000, 2, 1, 0, 0, 0, 1, 0),
(11, 'Nhà Lãnh Đạo Không Chức Danh (Tái Bản 2022)', 'Hơn 15 năm, Robin Sharma đã thầm lặng chia sẻ với những công ty trong danh sách Fortune 500 và nhiều người siêu giàu khác một công thức thành công đã giúp ông trở thành một trong những nhà cố vấn lãnh đạo được theo đuổi nhiều nhất thế giới. Đây là lần đầu tiên Sharma công bố công thức độc quyền này với bạn, để bạn có thể đạt được những gì tốt nhất, đồng thời giúp tổ chức của bạn có thể có những bước đột phá đến một cấp độ thành công mới trong thời đại thiên biến vạn hóa như hiện nay.\r\n<br>\r\nTrong cuốn sách Nhà Lãnh Đạo Không Chức Danh, bạn sẽ học được:<br>\r\n-Làm thế nào để làm việc và tạo ảnh hưởng với mọi người như một siêu sao, bất chấp bạn đang ở vị trí nào <br>\r\n-Một phương pháp để nhận biết và nắm bắt cơ hội vào những thời điểm thay đổi<br>\r\n-Những bí mật thật sự của sự đổi mới\r\n<br>\r\n-Một chiến lược tức thời để xây dựng đội nhóm tuyệt vời và trở thành một nhà cung cấp ngoạn mục của khách hàng<br>\r\n-Những thủ thuật cứng rắn giúp trở nên mạnh mẽ cả về thể chất lẫn tinh thần để có thể đi đầu trong lĩnh vực của bạn<br><br>\r\nNhững phương thức thực tế để đánh bại sự căng thẳng, xây dựng một ý chí bất bại, giải phóng năng lượng, và cân bằng cuộc sống cá nhân<br>\r\nBất kể bạn làm gì trong tổ chức và cuộc sống hiện tại của bạn như thế nào, một thực tế quan trọng duy nhất là bạn có khả năng thể hiện năng lực lãnh đạo. Cho dù sự nghiệp hiện tại của bạn đang ở đâu, bạn vẫn luôn cần phải thể hiện những khả năng tột đỉnh của mình. Cuốn sách này sẽ hướng dẫn bạn làm thế nào để khai thác tối đa khả năng đó, cũng như thay đổi cuộc sống và thế giới xung quanh bạn.', 'images/nha-lanh-dao-khong-chuc-danh.jpg', '2023-04-07 11:11:03', 75600, 2, 1, 0, 0, 1, 0, 0),
(12, '21 Nguyên Tắc Tự Do Tài Chính (Tái Bản 2021)', 'Không ai tốt bằng bạn và không ai thông minh hơn bạn. Những người thành công đơn giản là những người bình thường đã luyện tập và áp dụng thành công 21 nguyên tắc này để đạt được tự do tài chính. Và bạn hoàn toàn có thể giống họ.\n<br>\nTriệu phú cũng là người bình thường, nhưng điểm khác biệt ở chỗ họ đã áp dụng 21 nguyên tắc này trong cuộc sống và công việc của mình.\n<br>\n\"21 Nguyên tắc tự do tài chính\" được viết với sự tóm lược ra ngắn ngọn và dễ hiểu của ông Brian Trancy. Với các nguyên tắc từ việc thay đổi suy nghĩ, đến đi vào tính hành động và hành động ngay lập tức, rồi tư duy rộng để đưa bản thân chạm đến sự thành công lớn với chính mình. Vậy 21 nguyên tắc đó là gì:\n<br>\n1. Mơ những giấc mơ lớn\n<br>\n2. Đưa ra chỉ dẫn rõ ràng\n<br>\n3. Coi mình là một người chủ\n<br>\n4. Hãy làm những điều bạn yêu thích\n<br>\n5. Cam kết với sự hoàn hảo\n<br>\n6. Làm việc lâu hơn, chăm chỉ hơn\n<br>\n7. Học tập suốt đời\n<br>\n8. Trước hết hãy trả công cho mình\n<br>\n9. Học mọi chi tiết về công việc của mình\n<br>\n10. Tận tâm phụng sự cho người khác\n<br>\n11. Thành thật tuyệt đối với chính mình và với người khác\n<br>\n12. Xác định điều ưu tiên cao nhất và tập trung toàn bộ tâm trí vào đó\n<br>\n13. Tạo dựng danh tiếng về tốc độ và độ tin cậy\n<br>\n14. Chuẩn bị để leo từ đỉnh cao này tới đỉnh cao kia\n<br>\n15. Tự rèn luyện kỷ luật trong tất cả mọi việc\n<br>\n16. Khai mở khả năng sáng tạo thiên bẩm của bạn\n<br>\n17. Giao du với đúng người\n<br>\n18. Hãy chăm sóc sức khoẻ thể chất của bạn\n<br>\n19. Quyết đoán và xu hướng hành động\n<br>\n20. Không bao giờ cho phép thất bại trở thành lựa chọn\n<br>\n21. Vượt qua \"thử thách tính kiên trì\"\n<br>\nCuốn sách nhỏ này sẽ cung cấp cho bạn phương thức để bạn có thể trở thành triệu phú, cho dù bạn là ai và có xuất phát điểm hiện tại như thế nào. Bạn sẽ học được cách xác lập mục tiêu, lên kế hoạch và tổ chức hành động để có thể đạt được nhiều mục tiêu tài chính hơn những gì bạn mong muốn.', 'images/bia_21-nguyen-tac-tu-do-tai-chinh--bia-1.jpg', '2023-08-05 16:26:23', 41250, 2, 1, 0, 0, 0, 1, 0),
(13, 'Thay Đổi Cuộc Sống Với Nhân Số Học', 'Đầu năm 2020, chuỗi chương trình “Thay đổi cuộc sống với Nhân số học” của  biên tập viên, người dẫn chương trình quen thuộc tại Việt Nam Lê Đỗ Quỳnh Hương ra đời trên Youtube, với mục đích chia sẻ kiến thức, giúp mọi người tìm hiểu và phát triển, hoàn thiện bản thân, các mối quan hệ xã hội thông qua bộ môn Nhân số học. Chương trình đã nhận được sự yêu mến và phản hồi tích cực của rất nhiều khán giả và độc giả sau mỗi tập phát sóng.\r\n<br>\r\nNhân số học là một môn nghiên cứu sự tương quan giữa những con số trong ngày sinh, cái tên với cuộc sống, vận mệnh, đường đời và tính cách của mỗi người. Bộ môn này đã được nhà toán học Pythagoras khởi xướng cách đây 2.600 năm và sau này được nhiều thế hệ học trò liên tục kế thừa, phát triển. \r\n<br>\r\n Có thể xem, Nhân số học là một bộ môn Khám phá Bản thân (Self-Discovery), đọc vị về số. Bộ môn này giúp giải mã những tín hiệu mà cuộc sống đã gửi đến từng cá thể con người trong đời sống, tương tự như Nhân tướng học hay Nhân trắc học…Khi nghiêm túc nghiên cứu sự tồn tại và mối tương quan giữa các con số xuất hiện trong ngày, tháng, năm sinh của mỗi người qua Nhân số học, ta có thể hiểu được khá nhiều về bản thân mình, cũng như mối quan hệ của mình với người khác. Nếu hiểu những \"mật mã\" nằm ẩn dưới những con số, chúng ta có thể kiểm soát cuộc sống của mình, điều chỉnh chúng theo hướng ngày càng tốt đẹp hơn, phù hợp với năng lực, tính cách của mình hơn.\r\n<br>\r\nTrong quyển sách “Thay đổi cuộc sống với Nhân số học”, Lê Đỗ Quỳnh Hương đã sử dụng khoảng 60% nền tảng tri thức từ quyển sách “The Complete Book of Numerology” (tạm dịch: Một quyển sách toàn diện về Nhân số học) của Tiến sĩ David A. Phillips (1934 – 1993) và 40% kết quả nghiên cứu của chị sau khi phân tích hơn 500 trường hợp cụ thể của những người Việt Nam sinh ra trong thế kỷ 21.\r\n<br>\r\n Cuốn sách “Thay đổi cuộc sống với Nhân số học”mang lại đầy đủ những kiến thức quan trọng nhất mà người hứng thú với Nhân số học cần tìm hiểu. Sách bao gồm các kiến thức về ba thể trong một con', 'images/tdcsvnsh.jpg', '2023-04-07 11:11:03', 173600, 3, 1, 0, 0, 1, 0, 0),
(15, 'Đời Ngắn Đừng Ngủ Dài (Tái Bản 2018)', '“Mọi lựa chọn đều giá trị. Mọi bước đi đều quan trọng. Cuộc sống vẫn diễn ra theo cách của nó, không phải theo cách của ta. Hãy kiên nhẫn. Tin tưởng. Hãy giống như người thợ cắt đá, đều đặn từng nhịp, ngày qua ngày. Cuối cùng, một nhát cắt duy nhất sẽ phá vỡ tảng đá và lộ ra viên kim cương. Người tràn đầy nhiệt huyết và tận tâm với việc mình làm không bao giờ bị chối bỏ. Sự thật là thế.”\r\n<br>\r\nBằng những lời chia sẻ thật ngắn gọn, dễ hiểu về những trải nghiệm và suy ngẫm trong đời, Robin Sharma tiếp tục phong cách viết của ông từ cuốn sách Điều vĩ đại đời thường để mang đến cho độc giả những bài viết như lời tâm sự, vừa chân thành vừa sâu sắc.', 'images/doi-ngan-dung-ngu-dai.jpg', '2023-04-07 11:11:03', 56250, 3, 1, 0, 0, 0, 0, 1),
(17, 'Tuổi Trẻ Đáng Giá Bao Nhiêu (Tái Bản 2021)', '“Bạn hối tiếc vì không nắm bắt lấy một cơ hội nào đó, chẳng có ai phải mất ngủ.\n<br>\nBạn trải qua những ngày tháng nhạt nhẽo với công việc bạn căm ghét, người ta chẳng hề bận lòng.\n<br>\nBạn có chết mòn nơi xó tường với những ước mơ dang dở, đó không phải là việc của họ.\n<br>\nSuy cho cùng, quyết định là ở bạn. Muốn có điều gì hay không là tùy bạn.\n<br>\nNên hãy làm những điều bạn thích. Hãy đi theo tiếng nói trái tim. Hãy sống theo cách bạn cho là mình nên sống.\n<br>\nVì sau tất cả, chẳng ai quan tâm.”\n<br>\n“Tôi đã đọc quyển sách này một cách thích thú. Có nhiều kiến thức và kinh nghiệm hữu ích, những điều mới mẻ ngay cả với người gần trung niên như tôi.\n<br>\nTuổi trẻ đáng giá bao nhiêu? được tác giả chia làm 3 phần: HỌC, LÀM, ĐI.\n<br>\nNhưng tôi thấy cuốn sách còn thể hiện một phần thứ tư nữa, đó là ĐỌC.\n<br>\nHãy đọc sách, nếu bạn đọc sách một cách bền bỉ, sẽ đến lúc bạn bị thôi thúc không ngừng bởi ý muốn viết nên cuốn sách của riêng mình.\n<br>\nNếu tôi còn ở tuổi đôi mươi, hẳn là tôi sẽ đọc Tuổi trẻ đáng giá bao nhiêu? nhiều hơn một lần.”\n<br>\n- Đặng Nguyễn Đông Vy, tác giả, nhà báo', 'images/tuoi-tre-dang-gia-bao-nhieu.jpg', '2023-08-05 16:28:09', 63000, 3, 1, 0, 0, 1, 0, 0),
(18, 'Càng Bình Tĩnh Càng Hạnh Phúc', 'Tiếp nối thành công rực rỡ của Bạn đắt giá bao nhiêu?, Khí chất bao nhiêu hạnh phúc bấy nhiêu, Không sợ chậm chỉ sợ dừng,… Vãn Tình đã quay trở lại cùng cuốn sách Càng bình tĩnh Càng hạnh phúc. Đây là cuốn sách thứ bảy của cô được xuất bản tại Việt Nam bởi thương hiệu sách Bloom Books, đánh dấu cho hành trình trưởng thành đầy rực rỡ của Vãn Tình – từ một cô gái trẻ trung, mạnh mẽ trở nên chín chắn, điềm tĩnh và bao dung hơn với cuộc đời.\n<br>\nGần bảy mươi câu chuyện trong sách xoay quanh các chủ đề tình yêu, hôn nhân, gia đình, sự nghiệp… đến từ chính cuộc sống của tác giả và những người xung quanh, vừa thực tế lại vừa gợi mở, dễ dàng giúp chúng ta liên hệ với tình huống của chính mình. Với những câu chuyện đó, Vãn Tình hy vọng có thể giúp các cô gái trưởng thành, độc lập và tự tin hơn, tìm lại bản ngã và sống cuộc đời theo cách mà mình mong muốn.\n<br>\nThông điệp xuyên suốt trong “Càng bình tĩnh Càng hạnh phúc” mà Vãn Tình muốn gửi gắm tới độc giả là:<br>\n“Bảy năm trước tôi sẽ cãi vã với người ta khi phật ý, bảy năm sau tôi tuân thủ câu nói ‘Bận rộn là liều thuốc trị mọi chứng bệnh tâm lý.’\n<br>\nBảy năm trước tôi luôn chuẩn bị cẩn thận cho mọi ngày lễ, bảy năm sau tôi bận tới mức quên cả bản thân mình chứ đừng nói tới ngày lễ gì.\n<br>\nBảy năm trước, chú cún nhà tôi qua đời, bảy năm sau, tôi không còn nuôi cún nữa.\n<br>\nBảy năm đủ để một phụ nữ ngây ngô trở nên chín chắn, ngây thơ trở nên lý trí, và xốc nổi trở nên bình tĩnh ung dung, dần dần tìm thấy ý nghĩa của cuộc đời mình.\n<br>\nKhông biết bảy năm sau tôi sẽ như thế nào.”\n<br>\n<b>Còn bạn, bảy năm trước bạn là ai?</b>\n<br>\n<b>Và bảy năm sau, bạn muốn trở thành một người như thế nào?</b>', 'images/cang-binh-tinh-cang-hanh-phuc.jpg', '2023-08-05 16:28:50', 139000, 3, 1, 0, 0, 0, 0, 1),
(19, 'Đừng Lựa Chọn An Nhàn Khi Còn Trẻ (Tái Bản 2021)', 'Trong độ xuân xanh phơi phới ngày ấy, bạn không dám mạo hiểm, không dám nỗ lực để kiếm học bổng, không chịu tìm tòi những thử thách trong công việc, không phấn đấu hướng đến ước mơ của mình. Bạn mơ mộng rằng làm việc xong sẽ vào làm ở một công ty nổi tiếng, làm một thời gian sẽ thăng quan tiến chức. Mơ mộng rằng khởi nghiệp xong sẽ lập tức nhận được tiền đầu tư, cầm được tiền đầu tư là sẽ niêm yết trên sàn chứng khoán. Mơ mộng rằng muốn gì sẽ có đó, không thiếu tiền cũng chẳng thiếu tình, an hưởng những năm tháng êm đềm trong cuộc đời mình.\r\n<br><br>\r\nNhưng vì sao bạn lại nghĩ rằng bạn chẳng cần bỏ ra chút công sức nào, cuộc sống sẽ dâng đến tận miệng những thứ bạn muốn? Bạn cần phải hiểu rằng: Hấp tấp muốn mau chóng thành công rất dễ khiến chúng ta đi vào mê lộ. Thanh xuân là khoảng thời gian đẹp đẽ nhất trong đời, cũng là những năm tháng then chốt có thể quyết định tương lai của một người. Nếu bạn lựa chọn an nhàn trong 10 năm, tương lai sẽ buộc bạn phải vất vả trong 50 năm để bù đắp lại. Nếu bạn bươn chải vất vả trong 10 năm, thứ mà bạn chắc chắn có được là 50 năm hạnh phúc. Điều quý giá nhất không phải là tiền mà là tiền bạc.\r\n<br><br>\r\nThế nên, bạn à, đừng lựa chọn an nhàn khi còn trẻ.', 'images/dung-lua-chon-an-nhan-khi-con-tre-_tai-ban_.jpg', '2023-04-07 11:11:03', 99000, 3, 1, 0, 0, 0, 1, 0),
(20, 'Nóng Giận Là Bản Năng, Tĩnh Lặng Là Bản Lĩnh (Tái Bản 2020)', 'Sai lầm lớn nhất của chúng ta là đem những tật xấu, những cảm xúc tiêu cực trút bỏ lên những người xung quanh, càng là người thân càng dễ gây thương tổn.\r\n<br><br>\r\nCái gì cũng nói toạc ra, cái gì cũng bộc lộ hết không phải là thẳng tính, mà là thiếu bản lĩnh. Suy cho cùng, tất cả những cảm xúc tiêu cực của con người đều là sự phẫn nộ dành cho bất lực của bản thân. Nếu bạn đúng, bạn không cần phải nổi giận. Nếu bạn sai, bạn không có tư cách nổi giận.\r\n<br><br>\r\nĐem một nắm muối bỏ vào cốc nước, cốc nước trở nên mặn chát. Đem một nắm muối bỏ vào hồ nước, hồ nước vẫn ngọt lành. Lòng người cũng vậy, càng nông cạn càng dễ biến chất, càng sâu sắc càng khó lung lay. Ý nghĩa của đời người không ngoài việc tu tâm dưỡng tính, để mở lòng ra bao la như biển hồ, trước những nắm muối thị phi của cuộc đời vẫn thản nhiên không xao động.\r\n<br><br>\r\n“Nóng giận là bản năng, tĩnh lặng là bản lĩnh” là từ bỏ “tam độc”, tu dưỡng một trái tim trong sáng:\r\n<br><br>\r\n- Từ bỏ “tham” – bớt một phần ham muốn, thêm một phần tự do.\r\n<br><br>\r\n- Từ bỏ “sân” – bớt một phần tranh chấp, thêm một phần ung dung.\r\n<br><br>\r\n- Từ bỏ “si” – bớt một phần mê muội, thêm một phần tĩnh tâm.\r\n<br><br>\r\nCuốn sách là tập hợp những bài học, lời tâm sự về nhân sinh, luận về cuộc đời của đại sư Hoằng Nhất – vị tài tử buông mọi trần tục để quy y cửa Phật, người được mệnh danh tinh thông kim cổ và cũng có tầm ảnh hưởng lớn trong Phật giáo.\r\n<br><br>\r\nTrưởng thành, hãy để lòng rộng mở, tiến gần đến chữ “Người”, học được cách bao dung, học được cách khống chế cảm xúc. Đừng để những xúc động nhất thời như ngọn lửa, tưởng thiêu rụi được kẻ thù mà thực ra lại làm bỏng tay ta trước.', 'images/nong-gian-la-ban-nang-1_1.jpg', '2023-04-07 07:25:00', 89000, 3, 1, 0, 0, 0, 1, 0),
(21, 'Trí Thông Minh Của Sự Tinh Tế', 'CÓ PHẢI MUỐN ĐƯỢC CHIỀU THÌ PHẢI “BIẾT ĐIỀU\"?\n<br><br>\nVì sao có những cô gái cuộc sống lúc nào cũng gặp may mắn, đi làm thì dễ dàng thăng tiến, về nhà thì được chồng yêu thương, gia đình thuận hoà chẳng cãi vã bao giờ? Tất cả là nhờ “Trí thông minh của sự tinh tế\" cả đấy! “Trí thông minh\" ấy không phải sẵn có trời sinh mà là do quá trình rèn giũa tạo thành.\n<br><br>\nThành thật mà nói thì phụ nữ, ai mà chẳng muốn được yêu chiều? Nhưng đôi khi muốn được cưng chiều mà không khéo léo lại thành đòi hỏi. Đôi khi đặt ra những tiêu chuẩn cho các mối quan hệ, nhưng không biết cách diễn đạt sẽ thành thực dụng…\n<br><br>\nThẳng thắn không xấu nhưng sống tinh tế sẽ tốt hơn rất nhiều. Khi có được “Trí thông minh của sự tinh tế\" bạn sẽ biết:\n<br><br>\nBộc lộ nhu cầu không có gì sai nhưng phải “đòi hỏi\" làm sao mà người ta sẽ vui vẻ, tự nhiên  thực hiện điều đó cho mình trong hạnh phúc.\n<br><br>\nHiểu rõ bản thân, nhưng cũng hiểu rõ người bên cạnh. Biết yêu chính mình nhưng càng biết yêu thương người khác.\n<br><br>\nCó được hạnh phúc mà không quên đi lòng biết ơn. Được cưng chiều cũng sẽ không quên chăm sóc, quan tâm đến đời sống, tinh thần của người mình yêu thương,...\n<br><br>\nCuốn sách “Trí thông minh của sự tinh tế\" sẽ giúp bạn hiểu rõ tâm tư người đối diện thông qua ngôn ngữ cơ thể, giao tiếp, ngoại hình, thói quen, sở thích… để từ đó có được những gì mình mong muốn và khiến những người xung quanh mình cũng cảm thấy hạnh phúc hơn, cuộc sống tốt đẹp, hài hoà hơn.\n<br><br>\n“Trí thông minh của sự tinh tế\": Cuốn sách giúp phụ nữ tìm thấy vẻ đẹp và “sức mạnh\" đích thực toát ra từ cốt cách bên trong!', 'images/bia_trithongminhcuasutinhte-.jpg', '2023-08-05 16:31:16', 57850, 3, 1, 0, 0, 0, 0, 1),
(22, 'Dạy Con Dùng Tiền (Tái Bản 2019)', 'Adam Khoo và Keon Chee viết ra một quyển sách dựa trên kinh nghiệm của chính họ. Dạy Con Dùng Tiền đưa ra những hướng dẫn thực tế cho tất cả dạng cha mẹ - đã kết hôn, đã ly hôn, giàu, nghèo - về cách nuôi dạy những đứa trẻ có trách nhiệm tài chính trong một thời đại có quá nhiều tiền bạc.\n<br><br>\n<b>TIỀN TIÊU VẶT + THU NHẬP KHÁC = TIẾT KIỆM + TIÊU XÀI + CHIA SẺ </b>\n<br><br>\nVới công thức thuyết phục giúp con bạn trở nên thông minh về mặt tiền bạc, quyển sách này sẽ:\n<br><br>\n-  Chứng minh tầm quan trọng của việc cho con bạn tiền tiêu vặt\n<br><br>\n-  Giúp con bạn lên kế hoạch và làm theo ngân sách của chúng\n<br><br>\n-  Tạo ra khuôn khổ để tiêu dùng và tiết kiệm một cách khôn ngoan\n<br><br>\n-  Nhấn mạnh nhu cầu chia sẻ với người khác\n<br><br>\n-  Giới thiệu những ý tưởng mới để giúp con bạn tạo ra thu nhập riêng\n<br><br>\n-  Giải thích cách tránh hay trừ bỏ các thói quen xấu về tiền bạc\n<br><br>\n-  Dạy bạn cách giúp con mình đương đầu với những điều không mong đợi như mất thu nhập hay ly dị\n<br><br>\n-  Khởi động kế hoạch để lại gia tài của bạn - để giảm nhẹ tai họa từ những cái chết bất ngờ\n', 'images/day-con-dung-tien.jpg', '2023-08-05 16:32:39', 75000, 4, 1, 0, 0, 0, 1, 0),
(23, 'Cha Mẹ Độc Hại - Toxic Parents (Tái Bản 2022)', 'Mọi người thường cho rằng cha mẹ là bến đỗ an toàn nhất của con trẻ, mọi chuyện cha mẹ làm đều là vì yêu thương con. Tuy nhiên có một số bậc cha mẹ có những hành vi tiêu cực và gây tổn thương cho con cái vì họ chưa từng đặt mình vào vị trí của con. Đó là những bậc cha mẹ độc hại: toxic parents.\r\n<br>\r\nVà đây cũng là tựa đề cuốn sách được Skymommy chuyển ngữ (Toxic Parents – Cha mẹ độc hại), nhận được sự quan tâm của nhiều cha mẹ, tiếp tục được tái bản, với mong muốn đem lại sự an ủi, chữa lành nỗi đau cho những đứa con trưởng thành từ gia đình độc hại; vượt qua di chứng tổn thương và giành lại cuộc đời.\r\n<br>\r\nNhững vấn đề chính được đề cập trong cuốn sách này:\r\n<br>\r\n<b>Phần 1: Nhận diện cha mẹ độc hại</b>\r\n<br>\r\nTác giả chỉ ra 6 kiểu cha mẹ độc hại thông qua các trường hợp cụ thể, phân tích gốc rễ vấn đề thông qua từng trường hợp, nó làm người đọc dễ dàng nhận ra mình có thuộc trường hợp đấy không, nó sẽ gây ra hậu quả gì, nhận định của mình về vấn đề đó như thế nào và hướng giải quyết ra sao. Bao gồm: Cha mẹ chưa trọn vẹn, cha mẹ kiểm soát, cha mẹ nghiện rượu, cha mẹ bạo hành lời nói, cha mẹ bạo hành thể xác, cha mẹ lạm dụng tình dục.\r\n<br>\r\n<b>Phần 2: Hướng dẫn cách giải phóng bản thân khỏi những tổn thương từ cha mẹ độc hại</b> <br>\r\nbằng sự thông thái và tử tế, chẳng hạn như cách kiểm soát cơn giận đối với cha mẹ độc hại, tác hại của sự tha thứ quá sớm, và cách giải quyết những vấn đề khó nhằn như nghiện rượu và loạn luân.\r\n<br>\r\nKhông bao giờ là quá trễ để thay đổi. Cho dù bạn cảm thấy tồi tệ như thế nào trong quá khứ hay bạn có những lối cư xử không lành mạnh ra sao trong hiện tại, bạn vẫn có thể phục hồi từ quá khứ bị cha mẹ bạo hành và có một cuộc sống hạnh phúc, ý nghĩa.', 'images/bia-chamedochai.jpg', '2023-04-07 11:11:42', 125000, 4, 1, 0, 0, 1, 0, 0),
(24, 'Vô Cùng Tàn Nhẫn Vô Cùng Yêu Thương 3', 'Tiếp nối những chia sẻ thiết thực và hữu ích trong hai cuốn trước trong bộ sách, Vô cùng tàn nhẫn vô cùng yêu thương 3 là câu chuyện đem lại nguồn cảm hứng lớn lao cho những ai đang tìm cho mình phương pháp nuôi dạy con phù hợp, hiệu quả. \n<br><br>\nNhư có thể thấy từ tựa đề phụ của sách, tập 3 này tập trung nhiều hơn vào vai trò của người cha. Đây là những bài học nhân văn và ý nghĩa mà tác giả nhận được từ 12 năm sống cùng người cha Do Thái của mình, sau đó sẽ theo bà trong suốt quá trình hình thành nhân cách, trưởng thành, và làm mẹ sau này. Cuốn sách có hai phần chính: phần 1 kể về những năm tháng tác giả sống bên cha (trước khi ông qua đời năm 72 tuổi); phần 2 nói về cuộc sống sau này và hiện tại của bà (khi cùng các con trở về cố hương tại Israel rồi quay lại Thượng Hải). \n<br><br>\nỞ phần 1, tác giả đưa người đọc trở lại bối cảnh những năm tháng ấu thơ, khi bà cùng cha mình sống tại Thượng Hải, trong cộng đồng những người di cư từ Israel tới. Qua những câu chuyện về các hoạt động rất thường nhật như đi chợ, cùng cha gặp gỡ bạn bè, nghe nhạc bên cha…, Sara chia sẻ những bài học hết sức chân thật, giản dị mà quý báu. Chính những năm tháng này đã góp phần không nhỏ trong việc hình thành nên tinh thần và trí tuệ Do Thái, nhân cách chính trực, đường hoàng, cũng như lối sống có ích cho cộng đồng, cho gia đình… đã theo Sara suốt những năm tháng cuộc đời. \n<br><br>\nỞ phần 2, tác giả chia sẻ những trải nghiệm của gia đình mình trong thời gian tìm về cố hương (tại Israel) và  các đóng góp cho xã hội, cũng như phương châm sống của bà khi quyết định đưa các con trở về Thượng Hải. Một lần nữa, ta lại thấy được những điều tốt đẹp mà sự kết hợp giữa tinh thần và phong cách dạy dỗ của người cha Do Thái đã đem lại cho tâm hồn, lối sống của Sara, đồng thời ảnh hưởng không nhỏ đến cách bà nuôi dạy nên những người con ưu tú của mình. \n<br><br>\nTựu trung lại, giống như hai tập sách cùng bộ trước đó, Vô cùng tàn nhẫn vô cùng yêu thương 3 vẫn giữ được ngọn lửa nhiệt thành tro', 'images/vo-cung-tan-nhan-vo-cung-thuong-3.jpg', '2023-08-05 16:33:33', 101000, 4, 1, 0, 0, 0, 1, 0),
(25, 'Đừng Chỉ Yêu, Hãy Yêu Con Đúng Cách', 'Không phân biệt phương Tây hay Á Đông, các bậc cha mẹ có con nhỏ thường có xu hướng quá quan tâm đến con, sẵn sàng làm hết mọi việc cho con. Những hành động như vậy lại vô hình trung khiến con phụ thuộc vào cha mẹ và tạo thành những thói quen xấu trong tương lai.\r\n<br><br>\r\nTheo phương pháp nuôi dạy trẻ từ 0-2 tuổi trong cuốn sách <b>Đừng chỉ yêu, hãy yêu con đúng cách </b>, các bậc cha mẹ sẽ không can thiệp quá sâu vào đời sống của con trẻ. Thay vào đó, con được phát triển tự nhiên, được tôn trọng ý kiến của mình. Cha mẹ chỉ đóng vai trò quan sát và đưa ra lời khuyên. Đây chính là nền tảng để con yêu lớn lên với sự tự tin, độc lập và trí tuệ tuyệt vời, từ đó giúp các bậc cha mẹ giảm gánh nặng trong quá trình nuôi dạy con\r\n<br><br>\r\n\"Một tư liệu tối cần thiết cho những người mới hoặc sắp làm cha mẹ: cập nhật, thực tế, dễ đọc và nhiều thông tin. Với nền tảng là nguồn tài liệu giáo dục trẻ nhỏ và các quy tắc dành cho sự phát triển của trẻ, cuốn sách khẳng định rằng tôn trọng trẻ là yếu tố chính dẫn đến thành công trong việc làm cha mẹ.\"\r\n<br><br>\r\nEd Greene, Ph.D.\r\n(Chuyên gia kỳ cựu, Hiệp hội Gia đình và Công việc Thành viên Hội đồng, Hiệp hội Quốc gia Giáo dục Trẻ nhỏ)', 'images/dung-chi-yeu-hay-yeu-con-dung-cach.jpg', '2023-04-07 07:25:37', 101100, 4, 1, 0, 0, 1, 0, 0),
(26, 'Dế Mèn Phiêu Lưu Ký - Tái Bản 2020', '<b>\nDế Mèn Phiêu Lưu Ký - Tái Bản 2020\n</b><br>\nẤn bản minh họa màu đặc biệt của Dế Mèn phiêu lưu ký, với phần tranh ruột được in hai màu xanh - đen ấn tượng, gợi không khí đồng thoại.\n<br>\n“Một con dế đã từ tay ông thả ra chu du thế giới tìm những điều tốt đẹp cho loài người. Và con dế ấy đã mang tên tuổi ông đi cùng trên những chặng đường phiêu lưu đến với cộng đồng những con vật trong văn học thế giới, đến với những xứ sở thiên nhiên và văn hóa của các quốc gia khác. Dế Mèn Tô Hoài đã lại sinh ra Tô Hoài Dế Mèn, một nhà văn trẻ mãi không già trong văn chương...” - Nhà phê bình Phạm Xuân Nguyên\n<br>\n“Ông rất hiểu tư duy trẻ thơ, kể với chúng theo cách nghĩ của chúng, lí giải sự vật theo lô gích của trẻ. Hơn thế, với biệt tài miêu tả loài vật, Tô Hoài dựng lên một thế giới gần gũi với trẻ thơ. Khi cần, ông biết đem vào chất du ký khiến cho độc giả nhỏ tuổi vừa hồi hộp theo dõi, vừa thích thú khám phá.” - TS Nguyễn Đăng Điệp', 'images/de-men-50k_1.jpg', '2023-04-07 12:43:49', 40000, 5, 1, 0, 0, 0, 0, 1),
(27, 'Chuyện Rừng Xanh', 'Được xuất bản lần đầu năm 1894-1895, cho đến nay Chuyện rừng xanh vẫn là một trong những truyện thiếu nhi được ưa thích nhất trên toàn thế giới. Bằng giọng văn đẹp, linh hoạt, giản dị, đầy trí tuệ, đầy cảm xúc, Kipling đưa người đọc đến với Mowgli, đứa bé con của loài người được bầy sói nuôi dạy, lớn lên thành Chúa Rừng, bạn của mọi loài thú, nói ngôn ngữ của chúng, hiểu và cảm thông với chúng. Qua những cuộc phiêu lưu khó quên, Mowgli dần dần học được những bài học quý báu về luật của rừng, về tình bạn, ý thức đúng-sai và tinh thần trách nhiệm. Mowgli, cùng những người bạn-thú tuyệt vời của cậu - báo Bagheera, gấu Baloo, trăn Kaa, cũng như nhân vật trong nhiều truyện đặc sắc khác nữa như chồn hương Rikki-Tikki-Tavi, hải cẩu Kotick… - mãi mãi còn đó như biểu tượng đẹp về mối quan hệ khắng khít giữa các loài trong tự nhiên, sự khẳng định mạnh mẽ rằng con người không chỉ thuộc giống loài mình mà đồng thời thuộc một cộng đồng khác lớn hơn, cộng đồng của mọi loài trên trái đất.\n<br><br>\nMột trong những khung trời tưởng tượng đẹp nhất, trong trẻo nhất cho thiếu nhi và cho bất kỳ người lớn nào - Chuyện rừng xanh, lần đầu tiên được dịch trọn vẹn ở Việt Nam, nay đã có mặt cùng bạn.\n<br><br>\nChuyện rừng xanh đã nhiều lần được chuyển thể thành truyện tranh, phim truyện, phim hoạt hình, nhạc kịch…. Đây có lẽ là một trong những tác phẩm quán quân về mặt này trong lịch sử văn chương thế giới.', 'images/chuyen-rung-xanh.jpg', '2023-04-07 11:12:22', 117000, 5, 1, 0, 0, 0, 0, 1),
(28, 'Hoàng Tử Bé (Tái Bản)', '<b>Hoàng tử bé</b> được viết ở New York trong những ngày tác giả sống lưu vong và được xuất bản lần đầu tiên tại New York vào năm 1943, rồi đến năm 1946 mới được xuất bản tại Pháp. Không nghi ngờ gì, đây là tác phẩm nổi tiếng nhất, được đọc nhiều nhất và cũng được yêu mến nhất của Saint-Exupéry. Cuốn sách được bình chọn là tác phẩm hay nhất thế kỉ 20 ở Pháp, đồng thời cũng là cuốn sách Pháp được dịch và được đọc nhiều nhất trên thế giới. Với 250 ngôn ngữ dịch khác nhau kể cả phương ngữ cùng hơn 200 triệu bản in trên toàn thế giới, <b>Hoàng tử bé</b> được coi là một trong những tác phẩm bán chạy nhất của nhân loại. \r\n<br><br>\r\nỞ Việt Nam, <b>Hoàng tử bé</b> được dịch và xuất bản khá sớm. Từ năm 1966 đã có  đồng thời hai bản dịch: <b>Hoàng tử bé</b> của Bùi Giáng do An Tiêm xuất bản và Cậu hoàng con của Trần Thiện Đạo do Khai Trí xuất bản. Từ đó đến nay đã có thêm nhiều bản dịch <b>Hoàng tử bé</b> mới của các dịch giả khác nhau. Bản dịch <b>Hoàng tử bé</b> lần này, xuất bản nhân dịp kỷ niệm 70 năm <b>Hoàng tử bé</b> ra đời, cũng là ấn bản đầu tiên được Gallimard chính thức chuyển nhượng bản quyền tại Việt Nam, hy vọng sẽ góp phần làm phong phú thêm việc dịch và tiếp nhận tác phẩm quan trọng này với các thế hệ độc giả. \r\n<br><br>\r\nTôi cứ sống cô độc như vậy, chẳng có một ai để chuyện trò thật sự, cho tới một lần gặp nạn ở sa mạc Sahara cách đây sáu năm. Có thứ gì đó bị vỡ trong động cơ máy bay. Và vì ở bên cạnh chẳng có thợ máy cũng như hành khách nào nên một mình tôi sẽ phải cố mà sửa cho bằng được vụ hỏng hóc nan giải này. Với tôi đó thật là một việc sống còn. Tôi chỉ có vừa đủ nước để uống trong tám ngày.\r\n<br><br>\r\nThế là đêm đầu tiên tôi ngủ trên cát, cách mọi chốn có người ở cả nghìn dặm xa. Tôi cô đơn hơn cả một kẻ đắm tàu sống sót trên bè giữa đại dương. Thế nên các bạn cứ tưởng tượng tôi đã ngạc nhiên làm sao, khi ánh ngày vừa rạng, thì một giọng nói nhỏ nhẹ lạ lùng đã đánh thức tôi. Giọng ấy nói:\r\n<br><br>\r\n“Ông làm ơn… vẽ cho tôi một con cừu!”\r\n<br>\r\n- Trích', 'images/hoang-tu-be.jpg', '2023-03-15 09:44:52', 52500, 5, 1, 0, 0, 0, 0, 0),
(29, 'Chuyện Con Mèo Dạy Hải Âu Bay (Tái Bản 2019)', 'Cô hải âu Kengah bị nhấn chìm trong váng dầu – thứ chất thải nguy hiểm mà những con người xấu xa bí mật đổ ra đại dương. Với nỗ lực đầy tuyệt vọng, cô bay vào bến cảng Hamburg và rơi xuống ban công của con mèo mun, to đùng, mập ú Zorba. Trong phút cuối cuộc đời, cô sinh ra một quả trứng và con mèo mun hứa với cô sẽ thực hiện ba lời hứa chừng như không tưởng với loài mèo:\n<br><br>\nKhông ăn quả trứng.<br>\nChăm sóc cho tới khi nó nở.<br>\nDạy cho con hải âu bay.\n<br><br>\nLời hứa của một con mèo cũng là trách nhiệm của toàn bộ mèo trên bến cảng, bởi vậy bè bạn của Zorba bao gồm ngài mèo Đại Tá đầy uy tín, mèo Secretario nhanh nhảu, mèo Einstein uyên bác, mèo Bốn Biển đầy kinh nghiệm đã chung sức giúp nó hoàn thành trách nhiệm. Tuy nhiên, việc chăm sóc, dạy dỗ một con hải âu đâu phải chuyện đùa, sẽ có hàng trăm rắc rối nảy sinh và cần có những kế hoạch đầy linh hoạt được bàn bạc kỹ càng…\n<br><br>\nChuyện con mèo dạy hải âu bay là kiệt tác dành cho thiếu nhi của nhà văn Chi Lê nổi tiếng Luis Sepúlveda – tác giả của cuốn Lão già mê đọc truyện tình đã bán được 18 triệu bản khắp thế giới. Tác phẩm không chỉ là một câu chuyện ấm áp, trong sáng, dễ thương về loài vật mà còn chuyển tải thông điệp về trách nhiệm với môi trường, về sự sẻ chia và yêu thương cũng như ý nghĩa của những nỗ lực – “Chỉ những kẻ dám mới có thể bay”.\n<br><br>\nCuốn sách mở đầu cho mùa hè với minh họa dễ thương, hài hước là món quà dành cho mọi trẻ em và người lớn.\n', 'images/chuyen-meo-day-hai-au-bay.jpg', '2023-08-05 16:36:09', 49000, 5, 1, 0, 0, 0, 0, 0),
(30, 'Hachiko - Chú Chó Đợi Chờ (Bìa Mềm) (Tái Bản 2019)', 'Hachiko là một chú chó có thật từng sống ở Tokyo, được gia đình giáo sư Eisaburo Ueno nhận nuôi. Hàng ngày vào buổi sáng Hachiko tiễn giáo sư đến nhà ga Shibuya để ông lên tàu đi làm. Buổi chiều, vào lúc 3 giờ, Hachiko lại ra nhà ga đợi giáo sư về. Nhưng không may, một ngày nọ giáo sư Ueno đã qua đời sau một cơn đột quỵ và mãi mãi không thể trở về được nữa. Còn Hachiko suốt trong 10 năm sau đó, vào lúc 3 giờ chiều lại đều đặn đến nhà ga để chờ đón chủ nhân.\n<br><br>\nHachiko đã trở thành biểu tượng về lòng trung thành. Tượng của chú được đặt trang trọng tại nhà ga Shibuya.\n<br><br>\nCâu chuyện về Hachiko được kể lại với lời văn sâu lắng của nhà văn Luis Prats cùng hình minh họa màu nước ấn tượng của Zuzanna Celej sẽ làm lay động trái tim và truyền cảm hứng cho bạn theo cách mà Hachiko đã làm rung động hàng triệu con tim trên thế giới', 'images/hachiko-chu-cho-doi-cho.jpg', '2023-08-05 16:36:54', 60000, 5, 1, 0, 0, 0, 0, 0),
(31, 'Tủ Sách Đời Người: Truyện Dân Gian Do Thái', 'Đọc truyện dân gian của các dân tộc khác ta cảm thấy như vang bên tai tiếng cười khinh khoái, nhưng trong truyện dân gian của người Do Thái, ta còn thấy lấp lánh ý nghĩa đạo đức, cổ vũ việc tuân giữ lề luật, ghi sắc nét dấu vết của phong tục tập quán và tâm tính của dân tộc. Về mặt luân lý, nội dung của truyện dân gian Do Thái có cứu cánh dùng ngôn từ để chuyển chở đạo lý, như chủ trương “văn dĩ tải đạo” của các nhà nho nước ta. Về mặt văn học, có thể xem một số truyện như tiên phong cho vài hình thức sáng tác của văn chương bác học, kể cả các phong trào văn chương hiện đại và hậu hiện đại.\r\n<br><br>\r\nNếu chủ trương “Văn dĩ tải đạo” của nho gia Việt Nam đặt trọng tâm vào văn chương bác học thì người Do Thái mở rộng đối tượng của nó lên cả văn chương bình dân cùng đưa chúng vào quy điển như sách Talmud, với một thể loại riêng dành cho chúng gọi là midrash. Trên đường luân lạc, người Do Thái mang theo truyện dân gian, vừa trân trọng bảo tồn vừa phát triển thêm để giữ vững bản sắc của dân tộc mình. Và tùy theo loại truyện mà tiềm ẩn các vấn đề mang tính thông điệp khác nhau.\r\n<br><br>\r\nSuốt mấy ngàn năm luân lạc đó, hành trang người\r\nDo Thái mang theo trong tâm hồn là tín ngưỡng và hành lý bên mình là kinh điển và văn học. Cốt lõi là đức tin và lòng kính sợ Thượng đế của họ, tuân giữ nghiêm ngặt lề luật và niềm lạc quan vào tương lai tươi sáng của dân tộc.', 'images/tu-sach-doi-nguoi-do-thai.jpg', '2023-03-15 09:44:52', 160000, 5, 1, 0, 0, 0, 0, 0),
(32, 'Người Bà Tài Giỏi Vùng Saga', 'Hạnh phúc không phải là thứ được định đoạt bằng tiền. Hạnh phúc phải được định đoạt bằng tâm thế của mỗi chúng ta.', 'images/nguoi-ba-tai-gioi-vung saga.jpg', '2023-03-15 09:57:14', 109000, 6, 1, 0, 0, 0, 0, 0),
(33, 'Sống Mạo Hiểm Một Cách Cẩn Thận', '<b>Siêu mẫu quốc tế Maye Musk đã chia sẻ những câu chuyện cá nhân cùng các bài học rút ra từ cuộc đời \"Sống mạo hiểm một cách cẩn thận.\"<b><br><br>\n<b>Maye Musk</b> là một siêu mẫu thời trang, cuốn hút và thích xê dịch với những mối quan hệ khăng khít, đầy thú vị cùng gia đình và bạn bè - và năm nay bà đã ngoài bảy mươi tuổi. Nhưng mọi thứ không phải lúc nào cũng dễ dàng hay hào nhoáng - bà bắt đầu làm mẹ đơn thân ở tuổi 31, vật lộn với cái nghèo để nuôi dạy cho ba người con; đối mặt với những vấn đề về cân nặng khi làm một người mẫu quá khổ và vượt qua những định kiến về tuổi tác trong ngành người mẫu; đồng thời kiến lập một sự nghiệp trọn đời trong vai trò một chuyên gia dinh dưỡng được trọng vọng, mà trong suốt quá trình đó bà không ngừng bắt đầu lại ở nhiều thành phố khác nhau thuộc ba quốc gia và hai lục địa. Nhưng bà đã vượt qua tất cả với một tinh thần bất khuất và thái độ nghiêm túc để trở thành một người thành công trên toàn cầu ở độ tuổi mà bà gọi là \"đỉnh cao của đời tôi\".\n<br>\nTrong <b>Sốn mạo hiểm một cách cẩn thận<b/>, Maye chia sẻ những kinh nghiệm của đời mình, hàm chứa trong đó các triết lý được đúc kết trong gian nan về <b>sự nghiệp</b> (càng chăm chỉ, càng may mắn), <b>gia đình</b> (để người mình yêu thương đi con đường riêng), <b>sức khỏe</b> (không hề có thần dược) và<b>phiêu lưu</b> (luôn tạo không gian cho sự khám phá, nhưng luôn sẵn sàng đón nhận bất kỳ điều gì). Bạn không kiểm soát mọi thứ xảy ra trong đời, nhưng bạn có thể sống cuộc đời mình muốn ở bất kỳ tuổi nào. Tất cả những gì bạn phải làm là lên kế hoạch.\n\nMột số đánh giá về cuốn sách:\n\n\"Từ lâu tôi đã ngưỡng mộ Maye Musk cả trong vai trò người mẫu lẫn một người phụ nữ. Bác đã truyền cảm hứng cho nhiều người xuyên suốt sự nghiệp của mình, và những triết lý cùng quan điểm vô giá của bác hiển hiện trên từng trang của cuốn sách này.\"   - Karlie Kloss\n\n\"Ấm áp, chân thành mà không giả dối, Sống mạo hiểm một cách cẩn thận chứa đầy những quan điểm sâu sắc cùng chất hài hước với hàm lư', 'images/b_a-1-s_ng-m_o-hi_m.jpg', '2023-08-05 16:39:10', 119250, 6, 1, 0, 0, 0, 0, 0),
(34, 'Châu Phi Nghìn Trùng (Tái Bản 2022)', 'Nhân một cuộc phỏng vấn sau sự kiện công bố giải Nobel Văn chương năm 1954, Ernest Hemingway từng nói về Isak Dinesen (dù hai người chưa từng gặp gỡ) như thế này: “Hôm nay, tôi cũng sẽ hạnh phúc – hạnh phúc hơn nữa – nếu giải thưởng ấy được trao cho nhà văn nữ xuất sắc Isak D”\r\n<br><br>\r\nIsak Dinesen là bút danh của bà Karen Blixen – tác giả cuốn sách Out of Africa, tựa tiếng Việt: Châu Phi nghìn trùng. Cuốn hồi ức ra đời từ những năm tháng bà sinh sống tại châu Phi (1914 - 1931) trên một đồn điền cà phê rộng 4000 mẫu Anh gần Nairobi.\r\n<br><br>\r\nChâu Phi nghìn trùng bao gồm 5 phần: hai phần đầu tập trung mô tả cư dân bản xứ với những quan niệm lâu đời, độc đáo về công lí cũng như sự trừng phạt. Phần thứ ba, Các vị khách của đồn điền, chuyển sang khắc họa tuyến nhân vật tìm đến tá túc ở nhà Blixen – như bà lí giải: “Tại các xứ thuộc địa mới khai phá, lòng hiếu khách là điều cần thiết cho cuộc sống của không chỉ du khách mà cả của người định cư tại đây. Mỗi vị khách là một người bạn, đem đến tin tức, tốt hoặc xấu, thứ bánh mì cho những tâm trí đói khát sống nơi cô quạnh. Một người bạn chân chính ghé chơi là một thiên sứ, mang theo bánh thánh”. Phần bốn, Trích sổ tay một người nhập cư, bao gồm những ghi chép ngắn phản ánh đời sống của một thực dân da trắng tại châu Phi. Cuối cùng, phần năm khép lại dòng hồi ức: Đồn điền lụn bại, vài thân hữu của Blixen như thủ lĩnh Kinanjui, vận động viên Denys Finch-Hatton ra đi vĩnh viễn.\r\n', 'images/chau-phi-nghin-trung.jpg', '2023-03-15 09:57:14', 112200, 6, 1, 0, 0, 0, 0, 0),
(35, 'Đại Tướng Võ Nguyên Giáp - Những Khoảnh Khắc Còn Mãi', 'Ghi lại cuộc đời một con người bằng câu chữ là điều thông thường chúng ta hay gặp, song việc ghi lại cuộc đời của một người phi thường, một vị Đại tướng, một vĩ nhân, một anh hùng dân tộc bằng những bức ảnh là một điều đặc biệt của Đại tá - Nhà báo - Nhiếp ảnh gia Trần Hồng, nguyên phóng viên báo Quân đội nhân dân đã thực hiện trong suốt sự nghiệp cầm máy của ông. Với ông, đó là niềm đam mê mãnh liệt của cả một đời, đồng thời cũng là tình cảm sâu nặng của ông đối với một vị tướng tài, người anh Cả của quân đội nhân dân Việt Nam.\n<br><br>\nTrong tập sách ảnh Võ Nguyên Giáp - Những khoảnh khắc còn mãi này, Trần Hồng vừa là người chụp ảnh vừa là người kể chuyện đã đưa chúng ta đến gần hơn với vị tướng của lòng dân. Những bức ảnh như biết nói để lay cảm từng trái tim biết khóc vậy.\n<br><br>\nTháng 10/1994, Đại tướng Võ Nguyên Giáp nói với Đại tá - Thư kí Nguyễn Huyên là hãy để cho phóng viên Trần Hồng vào gặp Người bất kì lúc nào, và đó cũng là cơ duyên giúp Trần Hồng có được những bức ảnh độc, vô cùng đặc biệt về cuộc đời của Đại tướng Võ Nguyên Giáp mà chỉ riêng Trần Hồng mới có. Đây cũng chính là series ảnh ấn tượng nhất về tướng Giáp của những năm tháng ông gần như ở cả ngày tại căn nhà số 30 Hoàng Diệu, Hà Nội.', 'images/dai-tuong-vng.jpg', '2023-08-05 16:40:00', 177500, 6, 1, 0, 0, 0, 0, 0),
(36, 'Atlat Địa Lí Việt Nam - 2022', 'Atlat Địa Lí Việt Nam - 2022', 'images/atlat.jpg', '2023-03-15 10:08:57', 31000, 7, 1, 0, 0, 0, 0, 0);
INSERT INTO `sach` (`idSach`, `tenSach`, `moTa`, `urlHinh`, `capNhat`, `gia`, `idLoai`, `anHien`, `solanxem`, `giagoc`, `spmoi`, `spxemnhieu`, `sphot`) VALUES
(37, '60 Đề Minh Họa 2023 Môn Tiếng Anh', '<b>Sách 60 đề minh hoạ môn Tiếng anh, sách luyện thi thpt quốc gia bản mới nhất:\n<b><br>\n- ôn tập lại ngữ pháp và từ vựng trọng tâm có trong đề thi thptqg, các đề thi đgnl.\n<br>\n- Sách gồm 60 đề thi sát với đề thi tốt nghiệp trung học phổ thông quốc gia do bộ phát hành.\n<br>\n- 100% có lời giải chi tiết, video chữa đề.\n<br>\n<b>1. Nội dung sách: 60 đề minh hoạ ôn thi môn Tiếng anh cô Trang Anh:\n</b><br>\n- Cô Trang Anh phân tích đề và hướng ra đề của bộ giáo dục.\n<br>\n- Định hướng làm bài tập và làm đề hiệu quả.\n<br>\n- Sách gồm 60 đề trắc nghiệm ôn thi thpt qg môn tiếng anh do cô Trang Anh biên soạn.\n<br>\n- Cập nhật các đề thi chính thức, đề minh hoạ của bộ các năm trước.\n<br>\n- Livestream chữa đề và giải chi tiết các đề.\n<br>\n<b>2. Đối tượng sử dụng:</b>\n<br>\n- Học sinh 11, 12 muốn ôn luyện tất cả các kiến thức có trong đề thi thptqg, làm trước đề thi thử.\n<br>\n- Học sinh muốn tổng hợp lại các kiến thức ngữ pháp, từ vựng, các dạng bài tập có trong đề thi.\n<br>\n- Tài liệu tham khảo cho các thầy cô giáo.\n', 'images/60-de-tieng-anh-2023.jpg', '2023-08-05 16:41:15', 160000, 7, 1, 0, 0, 0, 0, 0),
(38, 'Quản Trị Tài Chính', 'Khi xuất bản lần đầu tiên cuốn QUẢN TRỊ TÀI CHÍNH vào 37 năm về trước, chúng tôi mong muốn cung cấp một cuốn sách giáo khoa mang tính chất giới thiệu để các bạn sinh viên có thể dễ dàng tiếp cận và cảm thấy hứng thú. Cuốn QUẢN TRỊ TÀI CHÍNH này ngay lập tức đã trở thành cuốn sách giáo khoa để giảng dạy ngành tài chính ở bậc đại học và vai trò của nó vẫn được duy trì cho đến hiện nay. Mục tiêu tiếp theo của chúng tôi ở phiên bản này là cho ra đời một cuốn sách có bổ sung một gói hệ thống tiêu chuẩn mới cho những cuốn sách giáo khoa chuyên ngành tài chính.\n<br><br>\nTài chính là một lĩnh vực rất thú vị và đang từng bước có sự thay đổi. So với lần xuất bản đầu tiên, nền tài chính toàn cầu đã xuất hiện nhiều chuyển biến quan trọng. Ở giữa thời điểm môi trường đang chuyển đổi như thế này, đây là khoảng thời gian thú vị để trở thành một sinh viên ngành tài chính. Trong lần xuất bản mới nhất, chúng tôi nhấn mạnh và phân tích những sự kiện dẫn đến những sự thay đổi dựa trên quan điểm tài chính. Mặc dù môi trường tài chính đang thay đổi, những nguyên lý mang tính “thử thách và chân thật” mà cuốn sách tập trung nhấn mạnh hơn trong hơn 3,5 thập kỷ qua vẫn tiếp tục đóng vai trò quan trọng', 'images/taichinhqt.jpg', '2023-08-05 16:42:00', 501000, 7, 1, 0, 0, 0, 0, 0),
(39, 'Bộ Đề Kiểm Tra Tiếng Anh Lớp 6 Tập 2 - Có Đáp Án (Tái Bản 2020)', 'Nhằm giúp các em học sinh ôn tập và hệ thống hóa kiến thức đã học trong sách giáo khoa và cũng là tài liệu tham khảo hữu ích cho các thầy cô giáo trong quá trình giảng dạy môn Tiếng Anh, chúng tôi biên soạn bộ sách “Bộ đề kiểm tra Tiếng Anh lớp 6” theo chương trình SGK thí điểm mới nhất của Bộ Giáo dục và Đào tạo.', 'images/bo-de-kt-av-lop-6.jpg', '2023-03-15 10:08:57', 62000, 7, 1, 0, 0, 0, 0, 0),
(40, 'Sách Giáo Khoa Bộ Lớp 12 - Sách Bài Học (Bộ 14 Cuốn) (2022)', '<b>Sách Giáo Khoa Bộ Lớp 12 - Sách Bài Học (Bộ 14 Cuốn) (2022)\n</b>\nBao Gồm:\n1.Giáo dục Quốc phòng - An ninh 12\n2.Giải tích 12<br>\n3.Hình học 12<br>\n4.Vật lí 12<br>\n5.Hoá học 12<br>\n6.Sinh học 12<br>\n7.Công nghệ 12<br>\n8.Ngữ văn 12/1<br>\n9.Ngữ văn 12/2<br>\n10.Lịch sử 12<br>\n11.Địa lí 12<br>\n12.Giáo dục công dân 12<br>\n13.Tin học 12<br>\n14.Tiếng Anh 12<br>', 'images/bo-sgk-12.jpg', '2023-08-05 16:42:48', 180000, 7, 1, 0, 0, 0, 0, 0),
(41, '301 Câu Đàm Thoại Tiếng Hoa', 'Giáo trình \"301 câu đàm thoại tiếng Hoa\" được biên dịch và bổ sung dựa trên cơ sở cuốn sách giáo khoa \"Hán ngữ hội thoại 301\" do các chuyên gia Hán ngữ của học viện ngôn ngữ Bắc kinh biên soạn.\n<br><br>\nGiáo trình gồm 48 bài trong đó có 8 bài ôn tập, bao quát trên 800 từ thường dùng. Nội dung các bài tập gồm các phần \"Mẫu câu\", \"Đàm thoại\", \"Từ mới\", \"Chú ý từ ngữ\", \"Ngữ pháp\", \"bài tập\".\n<br><br>\nGiáo trình biên soạn theo hướng \"mẫu câu\" để đi vào thực hành giao tiếp, nhưng cũng giới thiệu khái quát cấu trúc ngữ pháp của tiếng Hán hiện đại.', 'images/300-cau-dam-thoai-tieng-hoa.jpg', '2023-08-05 16:43:31', 56000, 8, 1, 0, 0, 0, 0, 0),
(42, 'Tiếng Hàn Tổng Hợp Dành Cho Người Việt Nam - Sách Bài Tập Sơ Cấp 1', 'Sách bài tập sơ cấp 1 – bổ trợ cho Giáo trình tiếng Hàn tổng hợp được chia thành 3 phần chính sau đây:\n<br>\nPhần 1: Luyện tập từ vựng. Phần này giúp cho người học ôn tập và luyện tập nâng cao trên cơ sở các từ vựng phù hợp với nội dung và chủ đề được học trong giáo trình chính.\n<br>\nPhần 2: Phần luyện tập ngữ pháp giúp luyện tập các cấu trúc ngữ pháp cơ bản đã học trong giáo trình chính. Ngoài ra, bằng việc so sánh những cấu trúc ngữ pháp đã học trong giáo trình chính giúp người học có thể học ngữ pháp một cách có hệ thống.\n<br>\nPhần 3: Phần ôn luyện tổng hợp các kỹ năng giao tiếp như: Nghe – Nói – Đọc – Viết. Đặc biệt trong phần này còn có những bài luyện đa dạng nhằm nâng cao năng lực hoạt động thực tế cho người học.\n<br><br>\nThông qua từng phần trong cuốn sách bài tập, người học sẽ được mở rộng phạm vi học tập từ vựng, ngữ pháp; có thể hiểu và thực hiện được những hội thoại thích hợp.\n<br><br>\nGiáo trình tiếng Hàn tổng hợp dành cho người Việt Nam – Sách bài tập sơ cấp 1\n<br>\nGiáo trình tiếng Hàn tổng hợp dành cho người Việt Nam – Sơ cấp 1 được biên soạn dành cho người  Việt Nam muốn học tiếng Hàn ở trình độ sơ cấp. Sách được biên soạn nhằm hướng tới việc sử dụng được trong các tiết học tiếng Hàn tại giảng đường đại học nên mỗi bài học được chia thành nhiều phần như: Lý thuyết cơ bản gồm từ vựng và cấu trúc ngữ pháp; phần luyện tập theo 4 kỹ năng giao tiếp như: Nghe – Nói – Đọc – Viết, phần luyện phát âm, phần tìm hiểu văn hóa…\n', 'images/tieng-han.jpg', '2023-08-05 16:44:23', 42000, 8, 1, 0, 0, 0, 0, 0),
(43, 'N2 - 2500 Từ Vựng Cần Thiết Cho Kỳ Thi Năng Lực Nhật Ngữ', 'Bộ sách học từ vựng cấp độ N5 ~ N1 dành cho Kỳ thi Năng lực Nhật ngữ. Bộ sách gồm 5 cuốn: N1, N2, N3, N4, N5, tập hợp các từ vựng xuất hiện thường xuyên trong các kỳ thi Năng lực Nhật ngữ. Các từ vựng này được chia theo từng chủ đề, đi kèm các câu ví dụ. Đặc biệt bộ sách có kèm theo bản dịch Anh - Trung - Việt, rất tiện cho các bạn tự học ở nhà.', 'images/tieng-nhat.jpg', '2023-03-15 10:19:48', 88550, 8, 1, 0, 0, 0, 0, 0),
(44, 'Ngữ Pháp Tiếng Pháp Căn Bản (Tái Bản 2022)', 'Sách gồm 24 chương, từng bước dẫn dắt người học làm quen với những hiện tương ngôn ngữ, thông qua những bài học ngữ pháp mà chúng tôi từng được học hoặc những bài giảng mà chúng tôi thực hiện trên lớp', 'images/tieng-phap.jpg', '2023-03-15 10:19:48', 110000, 8, 1, 0, 0, 0, 0, 0),
(45, 'Khéo Ăn Nói Sẽ Có Được Thiên Hạ (Tái Bản 2022)', 'Trong xã hội thông tin hiện đại, sự im lặng không còn là vàng nữa, nếu không biết cách giao tiếp thì dù là vàng cũng sẽ bị chôn vùi. Trong cuộc đời một con người, từ xin việc đến thăng tiến, từ tình yêu đến hôn nhân, từ tiếp thị cho đến đàm phán, từ xã giao đến làm việc… không thể không cần đến kĩ năng và khả năng giao tiếp. Khéo ăn khéo nói thì đi đâu, làm gì cũng gặp thuận lợi. Không khéo ăn nói, bốn bề đều là trở ngại khó khăn.\r\n<br><br>\r\nĐã bao giờ đánh mất một công việc, bạn bỏ lỡ một mối quan hệ tuyệt vời, hay đơn giản là bạn cảm thấy khó nói chuyện với mọi người. Bạn có bao giờ nghĩ là do kĩ năng nói chuyện của mình chưa tốt, chưa thuyết phục được mọi người. Bạn đổ lỗi cho số phận và vận may của mình chưa đến. Hãy dừng việc than thân trách phận và hành động để thay đòi chính mình.\r\n<br><br>\r\nVậy làm thế nào để cải thiện và tránh gặp phải những tình huống như trên? Làm thế nào để ăn nói khéo léo? Có phương pháp và quy luật nào được áp dụng khi giao tiếp không? Có nguyên tắc và bí quyết nào cho các cuộc nói chuyện không? Trong những tình huống khác nhau, với những người khác nhau thì phải nói chuyện như thế nào, và làm sao để trình bày những điều khó nói?\r\n<br><br>\r\nCuốn sách Khéo ăn nói sẽ có được thiên hạ của Trác Nhã sẽ giải đáp cho bạn đọc những câu hỏi đó. Cuốn sách với ngôn từ rõ ràng, gần gũi với cuộc sống sẽ mang đến những kĩ năng và phương pháp giao tiếp thực dụng, chắc chắn sẽ giúp ích được cho bạn đọc.\r\n', 'images/kheo-an-noi-se-co-duoc-ca-thien-ha.jpg', '2023-03-16 06:55:59', 78000, 3, 1, 0, 130000, 0, 0, 0),
(46, 'Thỏ Bảy Màu Và Những Người Nghĩ Nó Là Bạn (Tái Bản 2023)', 'Thỏ Bảy Màu là fanpage sở hữu hơn 2,6tr lượt thích trên mạng xã hội. Với hình tượng nhân vật thú vị cùng phong cách sáng tạo độc đáo, Thỏ bảy màu vẫn luôn là thu hút được số lượng lớn người quan tâm thể hiện qua nhiều bài viết với hàng chục nghìn lượt like và share.\r\n<br><br>\r\nThỏ Bảy Màu là một nhân vật hư cấu chẳng còn xa lạ gì với anh em dùng mạng xã hội với slogan “Nghe lời Thỏ, kiếp này coi như bỏ!”.\r\n<br>\r\nThỏ Bảy Màu đơn giản chỉ là một con thỏ trắng với sự dở hơi, ngang ngược nhưng đáng yêu vô cùng tận. Nó luôn nghĩ rằng mình không có cuộc sống và không có bạn bè. Tuy nhiên, Thỏ lại chẳng bao giờ thấy cô đơn vì đến cô đơn cũng bỏ nó mà đi.\r\n<br>\r\nCuốn sách là những mẩu chuyện nhỏ được ghi lại bằng tranh xoay quanh Thỏ Bảy Màu và những người nghĩ nó là bạn. Những mẩu chuyện được truyền tải rất “teen” đậm chất hài hước, châm biếm qua sự sáng tạo không kém phần “mặn mà” của tác giả càng trở nên độc đáo và thu hút.\r\n<br><br>\r\nNếu một ngày bạn lỡ cảm thấy buồn thì hãy đọc cuốn sách này để biết thế nào là cười sảng nha!\r\n', 'images/tho-bay-mau.jpg', '2023-03-16 07:00:11', 79200, 5, 1, 0, 99000, 0, 0, 0),
(47, 'Cuốn Sách Khổng Lồ Về Các Ngôi Sao Và Các Hành Tinh (Tái Bản)', 'Big Book - Cuốn Sách Khổng Lồ Về Các Ngôi Sao Và Các Hành Tinh (Tái Bản)\r\n<br><br>\r\nThì ra, Trái đất chỉ là một hành tinh nhỏ bé trong vũ trụ bao la. Thì ra, Mặt trời là một quả cầu lửa khổng lồ chứa toàn những khí là khí. Thì ra, trong số những ngôi sao tưởng như nhỏ xíu trên bầu trời, có những ngôi sao còn lớn hơn cả Mặt trời... Và còn rất nhiều những chuyện khó tin nữa đang ẩn chứa trong cuốn sách khổng lồ này mà các bạn nhất định không thể bỏ lỡ.', 'images/cuon_sach_khong_lo_ve_ngoi_sao_va_cac_hanh_tinh_ok-1_copy_master.jpg', '2023-03-16 07:02:46', 117600, 5, 1, 0, 199000, 0, 0, 0);

-- --------------------------------------------------------

--
-- Table structure for table `users`
--

CREATE TABLE `users` (
  `idUser` int(11) NOT NULL,
  `ho` varchar(50) NOT NULL,
  `ten` varchar(50) NOT NULL,
  `username` varchar(50) NOT NULL,
  `password` varchar(100) NOT NULL,
  `email` varchar(255) NOT NULL,
  `sothich` varchar(2000) NOT NULL,
  `tinh` varchar(100) NOT NULL,
  `vaitro` tinyint(1) NOT NULL,
  `locked` tinyint(1) NOT NULL
) ENGINE=InnoDB DEFAULT CHARSET=utf8mb4;

--
-- Dumping data for table `users`
--

INSERT INTO `users` (`idUser`, `ho`, `ten`, `username`, `password`, `email`, `sothich`, `tinh`, `vaitro`, `locked`) VALUES
(1, 'nguyễn đức ', 'An', 'an2003', '$2b$10$ODfkMXyz9xF72HkypVE1kOKY.7HeowsUWEW5IAxMeF33cKHHd9742', 'huynhnhi21103@gmail.com', 'Thích ca hát, bơi lội, chơi game', 'Đồng Nai', 0, 0),
(2, 'nguyễn thị mỹ', 'duyên', 'duynduyn', '$2b$10$WLlJpHUPjLvE1GlhUpTdMeO9Bm1O3JK2BtyaKVfBf7MVDf1QR8c..', 'nhi1234567890@mail.com', 'Thích vẻ tranh ngắm cảnh, về quê ở cạnh gia đình tham gia những buổi cafe với bạn bè', 'vũng tàu', 0, 0),
(3, 'huỳnh Thị Yến ', 'Nhi', 'nhi21103', '$2b$10$H5UalM1Jh0ED1ICKiemQW.ytzmW0RXk61bnHBsfJaTVxjHGemZKsu', 'huynhnhi21103@gmail.com', 'Thích những nơi yên tĩnh dù sợ cô đơn', 'Tiền Giang', 0, 0),
(4, 'Trần', 'Anh', 'anh123', '$2b$10$oD63.9wsPLcZCUMVKAyDuey3.657IwqUdsjfBbyP3c6QjWLhH675C', 'tiendong@gmail.com', 'Thích nấu ăn và chăm sóc gia đình', 'Thái bình', 0, 0),
(5, 'Lê Thị Hồng ', 'Thắm', 'tham2003', '$2b$10$6ffsGHGqshu3.mADZCg/CuEVsuprKu8DiUlNa20u0njrf5nRu2iJ.', 'trieutran989@gmail.com', 'tự do khám phá làm những điều mình thích và ở cạnh gia đình lúc mình thích nhất', 'Tiền Giang', 0, 0),
(6, 'nguyễn thị mỹ', 'duyên', 'duyen1243', '$2b$10$v/Jf4kkjEyFfaJHYZQdEhe6mKobuP0KkQklNMYvxuDfvB1e2CsV8S', 'nhihtyps24930@fpt.edu.vn', 'thích nghe nhạc ', 'vũng tàu', 0, 0);

--
-- Indexes for dumped tables
--

--
-- Indexes for table `loai`
--
ALTER TABLE `loai`
  ADD PRIMARY KEY (`id`);

--
-- Indexes for table `sach`
--
ALTER TABLE `sach`
  ADD PRIMARY KEY (`idSach`),
  ADD KEY `idLoai` (`idLoai`);

--
-- Indexes for table `users`
--
ALTER TABLE `users`
  ADD PRIMARY KEY (`idUser`);

--
-- AUTO_INCREMENT for dumped tables
--

--
-- AUTO_INCREMENT for table `loai`
--
ALTER TABLE `loai`
  MODIFY `id` int(11) NOT NULL AUTO_INCREMENT, AUTO_INCREMENT=9;

--
-- AUTO_INCREMENT for table `sach`
--
ALTER TABLE `sach`
  MODIFY `idSach` int(11) NOT NULL AUTO_INCREMENT, AUTO_INCREMENT=48;

--
-- AUTO_INCREMENT for table `users`
--
ALTER TABLE `users`
  MODIFY `idUser` int(11) NOT NULL AUTO_INCREMENT, AUTO_INCREMENT=7;
COMMIT;

/*!40101 SET CHARACTER_SET_CLIENT=@OLD_CHARACTER_SET_CLIENT */;
/*!40101 SET CHARACTER_SET_RESULTS=@OLD_CHARACTER_SET_RESULTS */;
/*!40101 SET COLLATION_CONNECTION=@OLD_COLLATION_CONNECTION */;
